"participant_id","n_lineups","age","gender","academic_study","computer_mouse","recruitment","dataset_id","set","curvature","target","null","scale","correct","response_no","binary_response","conf_level","choice_reason"
"68c1934bf5e5e1327344324e1f615a88",1,"19-25","Male","Some Undergraduate Courses","Yes","Prolific","542189b4235951184f3a0e93d2041d76","1","t-E_n-E","E","E","linear",20,"6,3",0,"Neutral","Clustering, Different range"
"03e791a1817ef22c40e1a2ff3a42e43b",1,"56-60","Female","Graduate Degree","Yes","Prolific","542189b4235951184f3a0e93d2041d76","1","t-E_n-E","E","E","linear",20,"3",0,"Uncertain","Different shape"
"a24b5e2ed09da0ba8e10163e67d87534",2,"19-25","Male","Prefer not to answer","Yes","Prolific","542189b4235951184f3a0e93d2041d76","1","t-E_n-E","E","E","linear",20,"20",1,"Neutral","Clustering"
"a24b5e2ed09da0ba8e10163e67d87534",2,"19-25","Male","Prefer not to answer","Yes","Prolific","a74724d41c798fb43dd4a73336a93419","2","t-H_n-H","H","H","log",1,"18",0,"Very Uncertain","Different range"
"e12649087db38125c794127eae7c147a",3,"31-35","Male","High School or Less","No","Prolific","542189b4235951184f3a0e93d2041d76","1","t-E_n-E","E","E","linear",20,"20",1,"Certain","Different range"
"e12649087db38125c794127eae7c147a",3,"31-35","Male","High School or Less","No","Prolific","bd5bdb06d41d12211476de91c279571d","1","t-H_n-H","H","H","log",13,"12",0,"Certain","Clustering"
"e12649087db38125c794127eae7c147a",3,"31-35","Male","High School or Less","No","Prolific","a74724d41c798fb43dd4a73336a93419","2","t-H_n-H","H","H","log",1,"18,8",0,"Certain","Clustering"
"e6f6b84728ecf51df68102180e721976",1,"26-30","Female","Undergraduate Degree","Yes","Prolific","bd5bdb06d41d12211476de91c279571d","1","t-H_n-H","H","H","linear",13,"12",0,"Very Certain","Different range"
"6bc95d7a742201953b1c14f604ad258c",1,"36-40","Female","Graduate Degree","Yes","Prolific","a74724d41c798fb43dd4a73336a93419","2","t-H_n-H","H","H","log",1,"14",0,"Neutral","Clustering"
"566fdedd16020ca84e37273699d14362",1,"31-35","Male","Some Undergraduate Courses","Yes","Prolific","a74724d41c798fb43dd4a73336a93419","2","t-H_n-H","H","H","log",1,"20",0,"Certain","Different shape"
"9eee3a9a30520c1b484d5b5e27d056cc",1,"19-25","Male","High School or Less","Yes","Prolific","542189b4235951184f3a0e93d2041d76","1","t-E_n-E","E","E","linear",20,"10",0,"Neutral","Different shape"
"69ece306b83a66d49cc9636dd549ef76",1,"19-25","Female","Undergraduate Degree","Yes","Prolific","62f44019f444085dcfb169bca38bd750","1","t-M_n-M","M","M","linear",13,"20",0,"Uncertain","Different shape"
"f4e36ce3813a0a823819fb42666d37d9",1,"19-25","Female","Some Undergraduate Courses","Yes","Prolific","bd5bdb06d41d12211476de91c279571d","1","t-H_n-H","H","H","log",13,"15",0,"Very Uncertain","Different range"
"0b685a7c5aa46d17ecc524b9d8da6cd9",2,"19-25","Male","High School or Less","Yes","Prolific","bd5bdb06d41d12211476de91c279571d","1","t-H_n-H","H","H","linear",13,"15",0,"Uncertain","Clustering, Different shape"
"0b685a7c5aa46d17ecc524b9d8da6cd9",2,"19-25","Male","High School or Less","Yes","Prolific","a74724d41c798fb43dd4a73336a93419","2","t-H_n-H","H","H","log",1,"18",0,"Neutral","Different range, Outlier(s)"
"4213ade932fa6fe85b91f08505453685",1,"19-25","Variant/Nonconforming","Some Graduate Courses","Yes","Prolific","bd5bdb06d41d12211476de91c279571d","1","t-H_n-H","H","H","linear",13,"19",0,"Uncertain","Different slope"
"cd8e9c252ef7a5f8fd422461ed4290cc",1,"26-30","Female","Graduate Degree","Yes","Prolific","542189b4235951184f3a0e93d2041d76","1","t-E_n-E","E","E","linear",20,"16",0,"Uncertain","Clustering"
"5a5f08fd09b0e5f45d4943c5c0401b11",2,"31-35","Female","Graduate Degree","Yes","Prolific","542189b4235951184f3a0e93d2041d76","1","t-E_n-E","E","E","linear",20,"20",1,"Certain","Different range, Different slope"
"5a5f08fd09b0e5f45d4943c5c0401b11",2,"31-35","Female","Graduate Degree","Yes","Prolific","bd5bdb06d41d12211476de91c279571d","1","t-H_n-H","H","H","log",13,"17",0,"Certain","Clustering"
"ea05293b90c29bd63376d734ee026723",2,"26-30","Female","Graduate Degree","Yes","Prolific","62f44019f444085dcfb169bca38bd750","1","t-M_n-M","M","M","log",13,"4",0,"Certain","Outlier(s)"
"ea05293b90c29bd63376d734ee026723",2,"26-30","Female","Graduate Degree","Yes","Prolific","542189b4235951184f3a0e93d2041d76","1","t-E_n-E","E","E","linear",20,"16",0,"Neutral","Different range"
"9e73ba6c6d52c8606342f798b1c169b3",2,"26-30","Female","Some Undergraduate Courses","Yes","Prolific","542189b4235951184f3a0e93d2041d76","1","t-E_n-E","E","E","linear",20,"1",0,"Certain","Different range"
"9e73ba6c6d52c8606342f798b1c169b3",2,"26-30","Female","Some Undergraduate Courses","Yes","Prolific","bd5bdb06d41d12211476de91c279571d","1","t-H_n-H","H","H","log",13,"20",0,"Uncertain","Different range"
"329fe207705972e7655012a3eaea85a8",1,"19-25","Female","Undergraduate Degree","Yes","Prolific","a74724d41c798fb43dd4a73336a93419","2","t-H_n-H","H","H","log",1,"19",0,"Uncertain","Outlier(s)"
"fea17e35e8bf570b85fe4445f912086c",4,"19-25","Male","High School or Less","Yes","Prolific","542189b4235951184f3a0e93d2041d76","1","t-E_n-E","E","E","linear",20,"7",0,"Neutral","Different shape"
"fea17e35e8bf570b85fe4445f912086c",4,"19-25","Male","High School or Less","Yes","Prolific","a74724d41c798fb43dd4a73336a93419","2","t-H_n-H","H","H","linear",1,"16",0,"Very Uncertain","Outlier(s)"
"fea17e35e8bf570b85fe4445f912086c",4,"19-25","Male","High School or Less","Yes","Prolific","682e0810a83a599ca26e514c3b7ed543","2","t-E_n-E","E","E","log",18,"19",0,"Certain","Different shape"
"fea17e35e8bf570b85fe4445f912086c",4,"19-25","Male","High School or Less","Yes","Prolific","682e0810a83a599ca26e514c3b7ed543","2","t-E_n-E","E","E","log",18,"8",0,"Very Certain","Clustering"
"315ee3a906cf7f3dbb0f842e388959da",3,"19-25","Male","High School or Less","Yes","Prolific","542189b4235951184f3a0e93d2041d76","1","t-E_n-E","E","E","log",20,"17",0,"Neutral","Outlier(s)"
"315ee3a906cf7f3dbb0f842e388959da",3,"19-25","Male","High School or Less","Yes","Prolific","bd5bdb06d41d12211476de91c279571d","1","t-H_n-H","H","H","log",13,"12",0,"Uncertain","Clustering"
"315ee3a906cf7f3dbb0f842e388959da",3,"19-25","Male","High School or Less","Yes","Prolific","a74724d41c798fb43dd4a73336a93419","2","t-H_n-H","H","H","log",1,"20",0,"Uncertain","Clustering"
"b31436e2f99358b8449a865602dd9578",1,"26-30","Female","Graduate Degree","Yes","Prolific","682e0810a83a599ca26e514c3b7ed543","2","t-E_n-E","E","E","log",18,"14",0,"Certain","Clustering"
"157fd4237361393aac61668690c1f3ab",1,"26-30","Male","Graduate Degree","Yes","Prolific","682e0810a83a599ca26e514c3b7ed543","2","t-E_n-E","E","E","log",18,"5",0,"Neutral","Clustering"
"0eca792e63352eab6c41da936f58905d",2,"19-25","Male","High School or Less","Yes","Prolific","62f44019f444085dcfb169bca38bd750","1","t-M_n-M","M","M","log",13,"4",0,"Uncertain","Different range"
"0eca792e63352eab6c41da936f58905d",2,"19-25","Male","High School or Less","Yes","Prolific","bd5bdb06d41d12211476de91c279571d","1","t-H_n-H","H","H","log",13,"12",0,"Uncertain","Clustering"
"de30246184154c5a16fe4049d3edd302",1,"19-25","Male","Graduate Degree","Yes","Prolific","542189b4235951184f3a0e93d2041d76","1","t-E_n-E","E","E","linear",20,"3",0,"Uncertain","Clustering"
"2f5da59f5c17e8ef9b48b495cbe42bba",1,"19-25","Female","Graduate Degree","Yes","Prolific","682e0810a83a599ca26e514c3b7ed543","2","t-E_n-E","E","E","linear",18,"7",0,"Neutral","Clustering"
"6f3950fc8c44c12c161d90e1aa98e785",1,"19-25","Male","Some Graduate Courses","Yes","Prolific","a74724d41c798fb43dd4a73336a93419","2","t-H_n-H","H","H","log",1,"16",0,"Neutral","Different range"
"dc27c22ba016701d6dac2a4385b18e30",1,"19-25","Male","High School or Less","Yes","Prolific","682e0810a83a599ca26e514c3b7ed543","2","t-E_n-E","E","E","linear",18,"20",0,"Certain","Clustering"
"fdd26bcded32c6a193caad28e1348e80",1,"26-30","Male","Graduate Degree","Yes","Prolific","682e0810a83a599ca26e514c3b7ed543","2","t-E_n-E","E","E","linear",18,"7",0,"Neutral","Different slope"
"d5454bcfa1d9a0af486b8d1e19b8f67d",1,"19-25","Male","High School or Less","Yes","Prolific","62f44019f444085dcfb169bca38bd750","1","t-M_n-M","M","M","linear",13,"4",0,"Certain","Outlier(s)"
"6bf5ee4128dc3a28da88f86f00aa844f",1,"19-25","Male","High School or Less","Yes","Prolific","bd5bdb06d41d12211476de91c279571d","1","t-H_n-H","H","H","log",13,"12",0,"Very Uncertain","Clustering"
"2e19665ef158ca6963d201a69991d051",1,"19-25","Female","Graduate Degree","Yes","Prolific","682e0810a83a599ca26e514c3b7ed543","2","t-E_n-E","E","E","linear",18,"9",0,"Certain","Outlier(s)"
"d7367bac8659136b133982c295f39a77",2,"19-25","Female","High School or Less","Yes","Prolific","682e0810a83a599ca26e514c3b7ed543","2","t-E_n-E","E","E","linear",18,"19",0,"Uncertain","Different slope"
"d7367bac8659136b133982c295f39a77",2,"19-25","Female","High School or Less","Yes","Prolific","62f44019f444085dcfb169bca38bd750","1","t-M_n-M","M","M","linear",13,"10",0,"Very Uncertain","Different shape"
"1e43202152e1e4e93406f57c7d21820e",2,"26-30","Female","Some Graduate Courses","Yes","Prolific","682e0810a83a599ca26e514c3b7ed543","2","t-E_n-E","E","E","log",18,"19,1",0,"Uncertain","Different slope"
"1e43202152e1e4e93406f57c7d21820e",2,"26-30","Female","Some Graduate Courses","Yes","Prolific","62f44019f444085dcfb169bca38bd750","1","t-M_n-M","M","M","linear",13,"11",0,"Very Uncertain","Different shape"
"2b7e6e00ad4319483c956498ff47bed5",1,"36-40","Male","Graduate Degree","Yes","Prolific","682e0810a83a599ca26e514c3b7ed543","2","t-E_n-E","E","E","log",18,"13",0,"Neutral","Clustering"
"07feee826c50c5a66eb2ddca1390b19d",2,"19-25","Male","High School or Less","Yes","Prolific","682e0810a83a599ca26e514c3b7ed543","2","t-E_n-E","E","E","log",18,"15",0,"Neutral","Clustering"
"07feee826c50c5a66eb2ddca1390b19d",2,"19-25","Male","High School or Less","Yes","Prolific","62f44019f444085dcfb169bca38bd750","1","t-M_n-M","M","M","linear",13,"4",0,"Uncertain","Outlier(s)"
"6930926febf40cc10ffb555a936512b1",1,"19-25","Female","Undergraduate Degree","Yes","Prolific","a74724d41c798fb43dd4a73336a93419","2","t-H_n-H","H","H","linear",1,"9",0,"Neutral","Clustering, Different shape"
"6bf56a9b794bdbc90af801596c4847d3",3,"19-25","Female","Graduate Degree","Yes","Prolific","a74724d41c798fb43dd4a73336a93419","2","t-H_n-H","H","H","linear",1,"19",0,"Uncertain","Clustering"
"6bf56a9b794bdbc90af801596c4847d3",3,"19-25","Female","Graduate Degree","Yes","Prolific","2dfddc9b6373e3cebe2c5f7aa59ecb4e","2","t-M_n-M","M","M","log",16,"11",0,"Neutral","Clustering"
"6bf56a9b794bdbc90af801596c4847d3",3,"19-25","Female","Graduate Degree","Yes","Prolific","2dfddc9b6373e3cebe2c5f7aa59ecb4e","2","t-M_n-M","M","M","log",16,"10",0,"Neutral","Different shape, Different slope"
"18f2388de6cde04a112482d196be769c",1,"26-30","Female","Some Undergraduate Courses","Yes","Prolific","682e0810a83a599ca26e514c3b7ed543","2","t-E_n-E","E","E","linear",18,"20",0,"Uncertain","Clustering"
"58c550c9ba3811831699f2e891291814",2,"19-25","Male","Undergraduate Degree","Yes","Prolific","682e0810a83a599ca26e514c3b7ed543","2","t-E_n-E","E","E","linear",18,"2",0,"Neutral","Different shape"
"58c550c9ba3811831699f2e891291814",2,"19-25","Male","Undergraduate Degree","Yes","Prolific","a74724d41c798fb43dd4a73336a93419","2","t-H_n-H","H","H","log",1,"6",0,"Very Uncertain","Clustering"
"fbce8e2c3b970fccce2e320387454449",2,"19-25","Male","Undergraduate Degree","Yes","Prolific","682e0810a83a599ca26e514c3b7ed543","2","t-E_n-E","E","E","linear",18,"16",0,"Uncertain","Different shape"
"fbce8e2c3b970fccce2e320387454449",2,"19-25","Male","Undergraduate Degree","Yes","Prolific","62f44019f444085dcfb169bca38bd750","1","t-M_n-M","M","M","linear",13,"4",0,"Certain","Outlier(s)"
"c0fede2910bffa77454f3c67845abb8b",2,"19-25","Male","Some Graduate Courses","Yes","Prolific","682e0810a83a599ca26e514c3b7ed543","2","t-E_n-E","E","E","linear",18,"20,14,18,4",1,"Uncertain","Clustering"
"c0fede2910bffa77454f3c67845abb8b",2,"19-25","Male","Some Graduate Courses","Yes","Prolific","a74724d41c798fb43dd4a73336a93419","2","t-H_n-H","H","H","linear",1,"9,19,16",0,"Uncertain","Clustering"
"8d6668c1b293251d1abd6f051a6b8f61",1,"19-25","Female","Graduate Degree","Yes","Prolific","682e0810a83a599ca26e514c3b7ed543","2","t-E_n-E","E","E","linear",18,"2",0,"Very Certain","Clustering"
"e0c88bdbd1ea6c50cb391d9454c35900",1,"19-25","Female","Some Undergraduate Courses","No","Prolific","682e0810a83a599ca26e514c3b7ed543","2","t-E_n-E","E","E","linear",18,"20",0,"Certain","Clustering"
"c4567c868bb7bc3ee9ec14b111f22deb",1,"19-25","Male","Undergraduate Degree","Yes","Prolific","682e0810a83a599ca26e514c3b7ed543","2","t-E_n-E","E","E","log",18,"4",0,"Uncertain","Clustering"
"42afdf9c2e96d50fe148f9f961260667",1,"19-25","Male","Some Undergraduate Courses","Yes","Prolific","682e0810a83a599ca26e514c3b7ed543","2","t-E_n-E","E","E","linear",18,"19",0,"Certain","Different slope"
"f1a0b343aea1626bff44d77c01d884db",1,"19-25","Female","Prefer not to answer","No","Prolific","a74724d41c798fb43dd4a73336a93419","2","t-H_n-H","H","H","linear",1,"18",0,"Uncertain","Clustering"
"023e92c9cab7d780bbfa9eab36a370aa",1,"36-40","Female","Graduate Degree","Yes","Prolific","682e0810a83a599ca26e514c3b7ed543","2","t-E_n-E","E","E","log",18,"14",0,"Neutral","Clustering"
"924c62cc84cd09d128245feecaf4790f",2,"19-25","Female","Some Graduate Courses","Yes","Prolific","682e0810a83a599ca26e514c3b7ed543","2","t-E_n-E","E","E","linear",18,"11",0,"Very Certain","Different range"
"924c62cc84cd09d128245feecaf4790f",2,"19-25","Female","Some Graduate Courses","Yes","Prolific","a74724d41c798fb43dd4a73336a93419","2","t-H_n-H","H","H","linear",1,"6,12",0,"Uncertain","Different range"
"1073f1718534f414361b8acf04a707bd",2,"26-30","Female","Graduate Degree","Yes","Prolific","682e0810a83a599ca26e514c3b7ed543","2","t-E_n-E","E","E","linear",18,"19",0,"Neutral","Different shape"
"1073f1718534f414361b8acf04a707bd",2,"26-30","Female","Graduate Degree","Yes","Prolific","a74724d41c798fb43dd4a73336a93419","2","t-H_n-H","H","H","log",1,"17",0,"Neutral","Clustering"
"303feff3aa8f682d0f7ea0b3978f14f9",1,"26-30","Male","Graduate Degree","Yes","Prolific","542189b4235951184f3a0e93d2041d76","1","t-E_n-E","E","E","log",20,"8",0,"Neutral","Clustering, Different shape"
"909a35d16a563cd2df6ad923e1cb457d",1,"19-25","Male","Some Undergraduate Courses","Yes","Prolific","62f44019f444085dcfb169bca38bd750","1","t-M_n-M","M","M","linear",13,"12",0,"Very Uncertain","Different range, Outlier(s)"
"fe6cfb397a1f2ace64d5aede1f15fcc8",1,"19-25","Male","Graduate Degree","Yes","Prolific","682e0810a83a599ca26e514c3b7ed543","2","t-E_n-E","E","E","linear",18,"20",0,"Certain","Different slope"
"e22c2ebf2d2734f9078b69c6f86b830a",1,"19-25","Female","Undergraduate Degree","No","Prolific","542189b4235951184f3a0e93d2041d76","1","t-E_n-E","E","E","log",20,"9",0,"Certain","Different shape"
"cc78b65cd622b4161cf8f40b42f75cb5",1,"19-25","Male","Graduate Degree","Yes","Prolific","682e0810a83a599ca26e514c3b7ed543","2","t-E_n-E","E","E","linear",18,"11",0,"Very Certain","Different range"
"599f3c7c34cd80792e91818b9e8e802c",1,"31-35","Female","Prefer not to answer","Yes","Prolific","542189b4235951184f3a0e93d2041d76","1","t-E_n-E","E","E","linear",20,"16",0,"Uncertain","Different range"
"b4b589b6019d2b39bcf73a3250092f7a",1,"19-25","Male","Some Undergraduate Courses","Yes","Prolific","a74724d41c798fb43dd4a73336a93419","2","t-H_n-H","H","H","linear",1,"9",0,"Neutral","Clustering"
"48e695c4524a17943315b003b65281db",1,"26-30","Male","Graduate Degree","Yes","Prolific","2dfddc9b6373e3cebe2c5f7aa59ecb4e","2","t-M_n-M","M","M","linear",16,"20,9",0,"Uncertain","Different slope"
"d0eacaf26fd6a436d5f3ac5f0947fc5a",1,"19-25","Male","Some Graduate Courses","Yes","Prolific","a74724d41c798fb43dd4a73336a93419","2","t-H_n-H","H","H","linear",1,"9",0,"Uncertain","Different shape"
"3c04b9afe737dffeda1e55423bf48bd2",1,"19-25","Male","High School or Less","Yes","Prolific","bd5bdb06d41d12211476de91c279571d","1","t-H_n-H","H","H","linear",13,"15",0,"Certain","Clustering"
"9a5c9366c8eba94cb3ac4c069c599a6a",1,"26-30","Female","Graduate Degree","Yes","Prolific","a74724d41c798fb43dd4a73336a93419","2","t-H_n-H","H","H","linear",1,"16",0,"Neutral","Different range"
"49ba4b71fd310b4f8cf6b3f0dd48cee2",1,"31-35","Female","High School or Less","No","Prolific","542189b4235951184f3a0e93d2041d76","1","t-E_n-E","E","E","log",20,"9",0,"Neutral","Clustering"
"e2bd1a685a26e525f42f8069756828f5",1,"19-25","Male","Undergraduate Degree","Yes","Prolific","542189b4235951184f3a0e93d2041d76","1","t-E_n-E","E","E","log",20,"15",0,"Neutral","Clustering"
"0bbfae521b60724dfd07592320a09328",1,"41-45","Male","Graduate Degree","Yes","Prolific","542189b4235951184f3a0e93d2041d76","1","t-E_n-E","E","E","log",20,"4,15",0,"Neutral","Different shape"
"ad1759a07481abb1aa664e0d70382222",2,"26-30","Male","Graduate Degree","Yes","Prolific","542189b4235951184f3a0e93d2041d76","1","t-E_n-E","E","E","log",20,"14",0,"Certain","Clustering"
"ad1759a07481abb1aa664e0d70382222",2,"26-30","Male","Graduate Degree","Yes","Prolific","bd5bdb06d41d12211476de91c279571d","1","t-H_n-H","H","H","linear",13,"12",0,"Certain","Outlier(s)"
"6114cb7e48aa00e3241709f085df64c1",1,"19-25","Male","Some Undergraduate Courses","Yes","Prolific","542189b4235951184f3a0e93d2041d76","1","t-E_n-E","E","E","log",20,"3",0,"Certain","Clustering, Different range"
"d74efe0c9e8b1ffd06f4eb6533246b73",2,"36-40","Male","Graduate Degree","Yes","Prolific","542189b4235951184f3a0e93d2041d76","1","t-E_n-E","E","E","log",20,"20,3,2",1,"Certain","Different slope"
"d74efe0c9e8b1ffd06f4eb6533246b73",2,"36-40","Male","Graduate Degree","Yes","Prolific","682e0810a83a599ca26e514c3b7ed543","2","t-E_n-E","E","E","log",18,"11",0,"Very Uncertain","Different slope"
"b260431a5abc2625fe9fd1d38571c476",1,"19-25","Female","Some Undergraduate Courses","Yes","Prolific","542189b4235951184f3a0e93d2041d76","1","t-E_n-E","E","E","log",20,"15",0,"Certain","Different range"
"8bfb02372e375bf1b9ba5eb29e0415f3",1,"19-25","Male","High School or Less","No","Prolific","542189b4235951184f3a0e93d2041d76","1","t-E_n-E","E","E","log",20,"1,5,4,10,17",0,"Certain","Clustering"
"ea56d370543263e45f5bffbf443c7977",8,"19-25","Male","Some Undergraduate Courses","Yes","Prolific","682e0810a83a599ca26e514c3b7ed543","2","t-E_n-E","E","E","linear",18,"11",0,"Certain","Outlier(s)"
"ea56d370543263e45f5bffbf443c7977",8,"19-25","Male","Some Undergraduate Courses","Yes","Prolific","682e0810a83a599ca26e514c3b7ed543","2","t-E_n-E","E","E","linear",18,"4,11",0,"Neutral","Clustering"
"ea56d370543263e45f5bffbf443c7977",8,"19-25","Male","Some Undergraduate Courses","Yes","Prolific","bd5bdb06d41d12211476de91c279571d","1","t-H_n-H","H","H","linear",13,"12",0,"Certain","Different range"
"ea56d370543263e45f5bffbf443c7977",8,"19-25","Male","Some Undergraduate Courses","Yes","Prolific","682e0810a83a599ca26e514c3b7ed543","2","t-E_n-E","E","E","log",18,"19",0,"Neutral","Different slope"
"ea56d370543263e45f5bffbf443c7977",8,"19-25","Male","Some Undergraduate Courses","Yes","Prolific","682e0810a83a599ca26e514c3b7ed543","2","t-E_n-E","E","E","linear",18,"11",0,"Certain","Outlier(s)"
"ea56d370543263e45f5bffbf443c7977",8,"19-25","Male","Some Undergraduate Courses","Yes","Prolific","682e0810a83a599ca26e514c3b7ed543","2","t-E_n-E","E","E","linear",18,"4,11",0,"Neutral","Clustering"
"ea56d370543263e45f5bffbf443c7977",8,"19-25","Male","Some Undergraduate Courses","Yes","Prolific","bd5bdb06d41d12211476de91c279571d","1","t-H_n-H","H","H","linear",13,"12",0,"Certain","Different range"
"ea56d370543263e45f5bffbf443c7977",8,"19-25","Male","Some Undergraduate Courses","Yes","Prolific","682e0810a83a599ca26e514c3b7ed543","2","t-E_n-E","E","E","log",18,"19",0,"Neutral","Different slope"
"949cee4018a5f98700cc18936a9a5360",1,"36-40","Male","Some Undergraduate Courses","Yes","Prolific","a74724d41c798fb43dd4a73336a93419","2","t-H_n-H","H","H","linear",1,"20",0,"Certain","Different range"
"311648c41c4e4635f71b6f9f6506788b",1,"19-25","Male","High School or Less","Yes","Prolific","542189b4235951184f3a0e93d2041d76","1","t-E_n-E","E","E","log",20,"20",1,"Neutral","Clustering, Different range, Different shape, Different slope"
"1c933ea32b7ef31b7497b1f6e4446dec",2,"19-25","Male","Undergraduate Degree","Yes","Prolific","542189b4235951184f3a0e93d2041d76","1","t-E_n-E","E","E","log",20,"15",0,"Neutral","Clustering"
"1c933ea32b7ef31b7497b1f6e4446dec",2,"19-25","Male","Undergraduate Degree","Yes","Prolific","542189b4235951184f3a0e93d2041d76","1","t-E_n-E","E","E","log",20,"15",0,"Neutral","Clustering"
"cb69ca50a5461809d86fa9f9b4266fe3",3,"19-25","Male","High School or Less","Yes","Prolific","682e0810a83a599ca26e514c3b7ed543","2","t-E_n-E","E","E","linear",18,"2,4,9,11",0,"Certain","Different shape, Outlier(s)"
"cb69ca50a5461809d86fa9f9b4266fe3",3,"19-25","Male","High School or Less","Yes","Prolific","62f44019f444085dcfb169bca38bd750","1","t-M_n-M","M","M","log",13,"1",0,"Neutral","Different range"
"cb69ca50a5461809d86fa9f9b4266fe3",3,"19-25","Male","High School or Less","Yes","Prolific","a74724d41c798fb43dd4a73336a93419","2","t-H_n-H","H","H","log",1,"13,8",0,"Certain","Different slope"
"f7ebedac94071228caec5e50706b909d",1,"19-25","Male","Some Graduate Courses","Yes","Prolific","a74724d41c798fb43dd4a73336a93419","2","t-H_n-H","H","H","log",1,"8",0,"Certain","Different slope"
"f5587d98f923c2c7a54bfe4e0e06c8d2",2,"19-25","Male","Undergraduate Degree","Yes","Prolific","542189b4235951184f3a0e93d2041d76","1","t-E_n-E","E","E","log",20,"11",0,"Neutral","Different range"
"f5587d98f923c2c7a54bfe4e0e06c8d2",2,"19-25","Male","Undergraduate Degree","Yes","Prolific","682e0810a83a599ca26e514c3b7ed543","2","t-E_n-E","E","E","log",18,"1",0,"Uncertain","Clustering, Different shape"
"8925541b627d21563031cace7ddd4a24",1,"26-30","Female","Graduate Degree","Yes","Prolific","542189b4235951184f3a0e93d2041d76","1","t-E_n-E","E","E","log",20,"20",1,"Certain","Different slope"
"293e659f694781c54053eb995faa8c01",1,"19-25","Female","Graduate Degree","Yes","Prolific","542189b4235951184f3a0e93d2041d76","1","t-E_n-E","E","E","log",20,"20",1,"Certain","Clustering"
"49cc518eebf31e0204fcd237a06beead",1,"19-25","Female","Some Undergraduate Courses","No","Prolific","a74724d41c798fb43dd4a73336a93419","2","t-H_n-H","H","H","log",1,"12,17",0,"Neutral","Outlier(s)"
"f0c0863a470af3bd310c83602272207c",1,"36-40","Female","Graduate Degree","Yes","Prolific","a74724d41c798fb43dd4a73336a93419","2","t-H_n-H","H","H","log",1,"3",0,"Neutral","Clustering"
"5e60d4a67d51a2042d1c457e27af2b13",2,"19-25","Female","Undergraduate Degree","Yes","Prolific","542189b4235951184f3a0e93d2041d76","1","t-E_n-E","E","E","linear",20,"17",0,"Certain","Different range"
"5e60d4a67d51a2042d1c457e27af2b13",2,"19-25","Female","Undergraduate Degree","Yes","Prolific","542189b4235951184f3a0e93d2041d76","1","t-E_n-E","E","E","log",20,"9",0,"Uncertain","Different range"
"3dd9ad42446d0924d420ec0a28828f59",1,"19-25","Male","Graduate Degree","Yes","Prolific","a74724d41c798fb43dd4a73336a93419","2","t-H_n-H","H","H","log",1,"17",0,"Neutral","Outlier(s)"
"debac759953f08fa036a9d4b79df9b57",2,"19-25","Male","Some Graduate Courses","Yes","Prolific","542189b4235951184f3a0e93d2041d76","1","t-E_n-E","E","E","log",20,"9",0,"Neutral","Clustering"
"debac759953f08fa036a9d4b79df9b57",2,"19-25","Male","Some Graduate Courses","Yes","Prolific","2dfddc9b6373e3cebe2c5f7aa59ecb4e","2","t-M_n-M","M","M","log",16,"1",0,"Certain","Different shape"
"f80e2f0a5368da8cde168d7d91ab89a1",1,"19-25","Female","Undergraduate Degree","Yes","Prolific","542189b4235951184f3a0e93d2041d76","1","t-E_n-E","E","E","log",20,"3",0,"Neutral","Different shape"
"a8789b68f490e029c261f3a2760361c4",2,"26-30","Male","Some Undergraduate Courses","Yes","Prolific","a74724d41c798fb43dd4a73336a93419","2","t-H_n-H","H","H","log",1,"18",0,"Neutral","Different range"
"a8789b68f490e029c261f3a2760361c4",2,"26-30","Male","Some Undergraduate Courses","Yes","Prolific","bd5bdb06d41d12211476de91c279571d","1","t-H_n-H","H","H","log",13,"12",0,"Certain","Different range"
"ae86c5f46e3b8b868686930d267eb11b",1,"19-25","Male","High School or Less","Yes","Prolific","bd5bdb06d41d12211476de91c279571d","1","t-H_n-H","H","H","log",13,"12",0,"Certain","Different range"
"b383753fe21035de58b71838c4345244",1,"19-25","Male","Prefer not to answer","No","Prolific","a74724d41c798fb43dd4a73336a93419","2","t-H_n-H","H","H","log",1,"3",0,"Uncertain","Clustering"
"12f761d7c71483e09ab23bfd7e946d4d",2,"26-30","Male","Undergraduate Degree","Yes","Prolific","682e0810a83a599ca26e514c3b7ed543","2","t-E_n-E","E","E","log",18,"19,11,4,1",0,"Certain","Clustering, Different range, Outlier(s)"
"12f761d7c71483e09ab23bfd7e946d4d",2,"26-30","Male","Undergraduate Degree","Yes","Prolific","bd5bdb06d41d12211476de91c279571d","1","t-H_n-H","H","H","log",13,"12",0,"Neutral","Clustering"
"ad25ed359bba6ab5000832f4265978de",1,"19-25","Female","Some Undergraduate Courses","Yes","Prolific","bd5bdb06d41d12211476de91c279571d","1","t-H_n-H","H","H","linear",13,"15",0,"Certain","Clustering"
"c7d4633e20c6675825484c0449b30849",1,"19-25","Male","Graduate Degree","Yes","Prolific","bd5bdb06d41d12211476de91c279571d","1","t-H_n-H","H","H","linear",13,"12",0,"Uncertain","Clustering"
"3b830a51247397de67f4fe8b1a57daf7",1,"19-25","Female","Graduate Degree","Yes","Prolific","2dfddc9b6373e3cebe2c5f7aa59ecb4e","2","t-M_n-M","M","M","linear",16,"4",0,"Uncertain","Different shape"
"8ddbc9eb4ccf739af5025f90ded2dd81",1,"36-40","Male","Graduate Degree","Yes","Prolific","542189b4235951184f3a0e93d2041d76","1","t-E_n-E","E","E","log",20,"9",0,"Very Certain","Different slope"
"161fb18feb95c75ae6b5287f8d897d6a",2,"26-30","Male","Some Undergraduate Courses","Yes","Prolific","2dfddc9b6373e3cebe2c5f7aa59ecb4e","2","t-M_n-M","M","M","log",16,"18",0,"Neutral","Different shape, Outlier(s)"
"161fb18feb95c75ae6b5287f8d897d6a",2,"26-30","Male","Some Undergraduate Courses","Yes","Prolific","542189b4235951184f3a0e93d2041d76","1","t-E_n-E","E","E","log",20,"20",1,"Uncertain","Clustering"
"f6d662c263f1573ba7f3edb0c4c7fa44",2,"31-35","Male","Undergraduate Degree","Yes","Prolific","62f44019f444085dcfb169bca38bd750","1","t-M_n-M","M","M","linear",13,"12",0,"Certain","Different range, Different slope, Outlier(s)"
"f6d662c263f1573ba7f3edb0c4c7fa44",2,"31-35","Male","Undergraduate Degree","Yes","Prolific","682e0810a83a599ca26e514c3b7ed543","2","t-E_n-E","E","E","linear",18,"11",0,"Certain","Different range, Outlier(s)"
"c4780fb362d0c80423b4c2a3479e19c7",4,"19-25","Male","Undergraduate Degree","Yes","Prolific","bd5bdb06d41d12211476de91c279571d","1","t-H_n-H","H","H","linear",13,"12",0,"Neutral","Different range"
"c4780fb362d0c80423b4c2a3479e19c7",4,"19-25","Male","Undergraduate Degree","Yes","Prolific","2dfddc9b6373e3cebe2c5f7aa59ecb4e","2","t-M_n-M","M","M","log",16,"4",0,"Certain","Outlier(s)"
"c4780fb362d0c80423b4c2a3479e19c7",4,"19-25","Male","Undergraduate Degree","Yes","Prolific","a74724d41c798fb43dd4a73336a93419","2","t-H_n-H","H","H","linear",1,"16",0,"Certain","Outlier(s)"
"c4780fb362d0c80423b4c2a3479e19c7",4,"19-25","Male","Undergraduate Degree","Yes","Prolific","542189b4235951184f3a0e93d2041d76","1","t-E_n-E","E","E","log",20,"20,9,14",1,"Certain","Different shape"
"d8ee9f2a3dbb8e0ed3e4adb7a5dd8536",1,"19-25","Male","High School or Less","Yes","Prolific","542189b4235951184f3a0e93d2041d76","1","t-E_n-E","E","E","log",20,"15",0,"Certain","Different range, Outlier(s)"
"f80419e083c3938140e3ac7bf8002c6b",1,"19-25","Male","Prefer not to answer","Yes","Prolific","682e0810a83a599ca26e514c3b7ed543","2","t-E_n-E","E","E","linear",18,"11",0,"Uncertain","Different range"
"7fdab92069a1cdc2e3606ab9180deaf4",1,"26-30","Male","Graduate Degree","Yes","Prolific","542189b4235951184f3a0e93d2041d76","1","t-E_n-E","E","E","log",20,"15",0,"Certain","Outlier(s)"
"e25460be2d1f0c9132c52fce6e648420",1,"31-35","Male","Graduate Degree","Yes","Prolific","542189b4235951184f3a0e93d2041d76","1","t-E_n-E","E","E","log",20,"20",1,"Certain","Outlier(s)"
"a189c43c6d7c1cd20c51b3dfbe801531",3,"26-30","Female","Graduate Degree","Yes","Prolific","2dfddc9b6373e3cebe2c5f7aa59ecb4e","2","t-M_n-M","M","M","log",16,"12",0,"Neutral","Clustering"
"a189c43c6d7c1cd20c51b3dfbe801531",3,"26-30","Female","Graduate Degree","Yes","Prolific","2dfddc9b6373e3cebe2c5f7aa59ecb4e","2","t-M_n-M","M","M","log",16,"5",0,"Certain","Clustering"
"a189c43c6d7c1cd20c51b3dfbe801531",3,"26-30","Female","Graduate Degree","Yes","Prolific","bd5bdb06d41d12211476de91c279571d","1","t-H_n-H","H","H","linear",13,"12",0,"Neutral","Clustering"
"2c08e0ef81d62c30a729d3e4450d16d4",2,"19-25","Male","Some Undergraduate Courses","Yes","Prolific","62f44019f444085dcfb169bca38bd750","1","t-M_n-M","M","M","log",13,"1",0,"Uncertain","Clustering"
"2c08e0ef81d62c30a729d3e4450d16d4",2,"19-25","Male","Some Undergraduate Courses","Yes","Prolific","a74724d41c798fb43dd4a73336a93419","2","t-H_n-H","H","H","log",1,"20",0,"Uncertain","Different range"
"53262be09e6863c1dc0f16da2efc1a7b",1,"19-25","Male","Undergraduate Degree","Yes","Prolific","542189b4235951184f3a0e93d2041d76","1","t-E_n-E","E","E","log",20,"4",0,"Neutral","Clustering, Different shape, Outlier(s)"
"25afd3e021703ffdc582614cc84cacf9",1,"19-25","Male","Some Graduate Courses","Yes","Prolific","682e0810a83a599ca26e514c3b7ed543","2","t-E_n-E","E","E","linear",18,"14",0,"Certain","Clustering"
"f0b63735066e2aa429f553179a1304c8",3,"19-25","Male","Some Graduate Courses","Yes","Prolific","62f44019f444085dcfb169bca38bd750","1","t-M_n-M","M","M","linear",13,"4",0,"Certain","Different range"
"f0b63735066e2aa429f553179a1304c8",3,"19-25","Male","Some Graduate Courses","Yes","Prolific","bd5bdb06d41d12211476de91c279571d","1","t-H_n-H","H","H","log",13,"20",0,"Very Uncertain","Outlier(s)"
"f0b63735066e2aa429f553179a1304c8",3,"19-25","Male","Some Graduate Courses","Yes","Prolific","542189b4235951184f3a0e93d2041d76","1","t-E_n-E","E","E","log",20,"10",0,"Very Uncertain","Clustering"
"23a4b63581bf8f767223e9e20258f026",1,"19-25","Male","Graduate Degree","Yes","Prolific","62f44019f444085dcfb169bca38bd750","1","t-M_n-M","M","M","linear",13,"4",0,"Neutral","Outlier(s)"
"33d83b921c8734223e8a7894163ce1fd",2,"19-25","Female","Some Undergraduate Courses","Yes","Prolific","a74724d41c798fb43dd4a73336a93419","2","t-H_n-H","H","H","linear",1,"17",0,"Neutral","Outlier(s)"
"33d83b921c8734223e8a7894163ce1fd",2,"19-25","Female","Some Undergraduate Courses","Yes","Prolific","62f44019f444085dcfb169bca38bd750","1","t-M_n-M","M","M","linear",13,"15",0,"Neutral","Clustering"
"25025b6021a14bd3a7f245a9295cf8fb",1,"41-45","Female","Graduate Degree","No","Prolific","bd5bdb06d41d12211476de91c279571d","1","t-H_n-H","H","H","linear",13,"12",0,"Certain","Clustering"
"a0600a05cf09941710e9023921e93f0d",1,"","Male","Some Undergraduate Courses","Yes","Prolific","542189b4235951184f3a0e93d2041d76","1","t-E_n-E","E","E","log",20,"7",0,"Certain","Clustering"
"4c627f946ae081cda8aef5c5dd61df63",1,"26-30","Male","Graduate Degree","Yes","Prolific","bd5bdb06d41d12211476de91c279571d","1","t-H_n-H","H","H","linear",13,"12",0,"Certain","Different range"
"903fc9c4c7ddaf2e78d0604f5ba2f746",3,"19-25","Female","Prefer not to answer","Yes","Prolific","bd5bdb06d41d12211476de91c279571d","1","t-H_n-H","H","H","linear",13,"12",0,"Neutral","Different shape"
"903fc9c4c7ddaf2e78d0604f5ba2f746",3,"19-25","Female","Prefer not to answer","Yes","Prolific","682e0810a83a599ca26e514c3b7ed543","2","t-E_n-E","E","E","log",18,"13",0,"Uncertain","Clustering, Different shape"
"903fc9c4c7ddaf2e78d0604f5ba2f746",3,"19-25","Female","Prefer not to answer","Yes","Prolific","bd5bdb06d41d12211476de91c279571d","1","t-H_n-H","H","H","linear",13,"17,12",0,"Uncertain","Different slope"
"c77c12390b6196ab0cb0715b553610ca",1,"36-40","Male","Graduate Degree","Yes","Prolific","a74724d41c798fb43dd4a73336a93419","2","t-H_n-H","H","H","linear",1,"16",0,"Certain","Clustering"
"293e659f694781c54053eb995faa8c01",2,"19-25","Female","Graduate Degree","Yes","Prolific","a74724d41c798fb43dd4a73336a93419","2","t-H_n-H","H","H","linear",1,"12",0,"Uncertain","Different range"
"293e659f694781c54053eb995faa8c01",2,"19-25","Female","Graduate Degree","Yes","Prolific","bd5bdb06d41d12211476de91c279571d","1","t-H_n-H","H","H","linear",13,"12",0,"Very Certain","Clustering"
"9fda601faaa98e8a7b4b1e988c812375",1,"19-25","Male","Some Undergraduate Courses","Yes","Prolific","bd5bdb06d41d12211476de91c279571d","1","t-H_n-H","H","H","linear",13,"17",0,"Certain","Clustering"
"2f8895054fdbdaddd262b5cad15320f7",1,"19-25","Male","High School or Less","Yes","Prolific","a74724d41c798fb43dd4a73336a93419","2","t-H_n-H","H","H","linear",1,"6",0,"Certain","Different slope"
"102ab22a740230336e63b5ae611bac51",1,"19-25","Male","Graduate Degree","No","Prolific","682e0810a83a599ca26e514c3b7ed543","2","t-E_n-E","E","E","linear",18,"19",0,"Neutral","Different range"
"5f0b49c48f66dbac5cf255a22f183a57",2,"19-25","Female","Graduate Degree","Yes","Prolific","2dfddc9b6373e3cebe2c5f7aa59ecb4e","2","t-M_n-M","M","M","log",16,"5",0,"Very Certain","Clustering, Outlier(s)"
"5f0b49c48f66dbac5cf255a22f183a57",2,"19-25","Female","Graduate Degree","Yes","Prolific","bd5bdb06d41d12211476de91c279571d","1","t-H_n-H","H","H","linear",13,"12",0,"Very Certain","Different slope"
"2dfa910f99a4d1afe1a59072349efbcf",1,"26-30","Male","Undergraduate Degree","Yes","Prolific","bd5bdb06d41d12211476de91c279571d","1","t-H_n-H","H","H","linear",13,"13",1,"Very Uncertain","Different slope"
"8925541b627d21563031cace7ddd4a24",1,"26-30","Female","Some Graduate Courses","Yes","Prolific","bd5bdb06d41d12211476de91c279571d","1","t-H_n-H","H","H","linear",13,"12",0,"Neutral","Clustering"
"a6431d1e8fe7bb40a2743050fc8e5173",2,"19-25","Male","High School or Less","Yes","Prolific","62f44019f444085dcfb169bca38bd750","1","t-M_n-M","M","M","log",13,"19,15",0,"Very Uncertain","Clustering, Different slope"
"a6431d1e8fe7bb40a2743050fc8e5173",2,"19-25","Male","High School or Less","Yes","Prolific","682e0810a83a599ca26e514c3b7ed543","2","t-E_n-E","E","E","linear",18,"19",0,"Neutral","Different range"
"312cfb1dd87c9706b180e248246bdc77",2,"19-25","Male","High School or Less","Yes","Prolific","682e0810a83a599ca26e514c3b7ed543","2","t-E_n-E","E","E","log",18,"19",0,"Neutral","Different range, Different shape"
"312cfb1dd87c9706b180e248246bdc77",2,"19-25","Male","High School or Less","Yes","Prolific","a74724d41c798fb43dd4a73336a93419","2","t-H_n-H","H","H","linear",1,"16",0,"Uncertain","Clustering"
"23f8dd043b568702f044b9e79c43bffe",2,"26-30","Male","Undergraduate Degree","Yes","Prolific","682e0810a83a599ca26e514c3b7ed543","2","t-E_n-E","E","E","log",18,"17",0,"Neutral","Different slope"
"23f8dd043b568702f044b9e79c43bffe",2,"26-30","Male","Undergraduate Degree","Yes","Prolific","62f44019f444085dcfb169bca38bd750","1","t-M_n-M","M","M","log",13,"12",0,"Certain","Different range, Different slope"
"b1ad8fa00ec95f22bb4d00ec29688778",1,"41-45","Female","Graduate Degree","Yes","Prolific","a74724d41c798fb43dd4a73336a93419","2","t-H_n-H","H","H","linear",1,"5",0,"Uncertain","Clustering"
"ad1759a07481abb1aa664e0d70382222",2,"26-30","Male","Graduate Degree","Yes","Prolific","682e0810a83a599ca26e514c3b7ed543","2","t-E_n-E","E","E","log",18,"14",0,"Very Certain","Clustering"
"ad1759a07481abb1aa664e0d70382222",2,"26-30","Male","Graduate Degree","Yes","Prolific","542189b4235951184f3a0e93d2041d76","1","t-E_n-E","E","E","linear",20,"16",0,"Certain","Clustering, Outlier(s)"
"1b4a843acdecf002858ef0d253972c7d",2,"26-30","Female","Graduate Degree","No","Prolific","682e0810a83a599ca26e514c3b7ed543","2","t-E_n-E","E","E","linear",18,"11",0,"Certain","Different slope"
"1b4a843acdecf002858ef0d253972c7d",2,"26-30","Female","Graduate Degree","No","Prolific","682e0810a83a599ca26e514c3b7ed543","2","t-E_n-E","E","E","linear",18,"19",0,"Uncertain","Different slope"
"532167e7fcde0a4788b185e78604a1eb",2,"26-30","Male","Graduate Degree","Yes","Prolific","2dfddc9b6373e3cebe2c5f7aa59ecb4e","2","t-M_n-M","M","M","log",16,"7,5,20,18,16",1,"Very Certain","Clustering"
"532167e7fcde0a4788b185e78604a1eb",2,"26-30","Male","Graduate Degree","Yes","Prolific","682e0810a83a599ca26e514c3b7ed543","2","t-E_n-E","E","E","linear",18,"19",0,"Very Certain","Different slope"
"145ecd108263b8d3fe65b04341b0d1a5",2,"26-30","Male","Undergraduate Degree","Yes","Prolific","542189b4235951184f3a0e93d2041d76","1","t-E_n-E","E","E","linear",20,"20,16,1,17",1,"Certain","Different slope, Outlier(s)"
"145ecd108263b8d3fe65b04341b0d1a5",2,"26-30","Male","Undergraduate Degree","Yes","Prolific","682e0810a83a599ca26e514c3b7ed543","2","t-E_n-E","E","E","linear",18,"11,9",0,"Very Certain","Different slope, Outlier(s)"
"ef42f9b549872565954fb19c601553c2",1,"26-30","Female","Graduate Degree","Yes","Prolific","542189b4235951184f3a0e93d2041d76","1","t-E_n-E","E","E","linear",20,"17",0,"Neutral","Different range"
"d4b25dc6826c4a5b70169fd842e2face",1,"36-40","Male","Graduate Degree","Yes","Prolific","542189b4235951184f3a0e93d2041d76","1","t-E_n-E","E","E","linear",20,"17",0,"Neutral","Outlier(s)"
"3b2547a3dbee77e1f6030f5fe142142f",2,"26-30","Male","Graduate Degree","Yes","Prolific","542189b4235951184f3a0e93d2041d76","1","t-E_n-E","E","E","linear",20,"16",0,"Uncertain","Clustering"
"3b2547a3dbee77e1f6030f5fe142142f",2,"26-30","Male","Graduate Degree","Yes","Prolific","62f44019f444085dcfb169bca38bd750","1","t-M_n-M","M","M","log",13,"13",1,"Uncertain","Clustering"
"852c545cf690106c55a149f4f8f332e7",1,"46-50","Male","Undergraduate Degree","Yes","Prolific","682e0810a83a599ca26e514c3b7ed543","2","t-E_n-E","E","E","linear",18,"11",0,"Very Certain","Different range, Outlier(s)"
"052856f62f66d3eeeab04ebfdadd1dad",2,"26-30","Female","Graduate Degree","Yes","Prolific","542189b4235951184f3a0e93d2041d76","1","t-E_n-E","E","E","log",20,"7,10",0,"Certain","Outlier(s)"
"052856f62f66d3eeeab04ebfdadd1dad",2,"26-30","Female","Graduate Degree","Yes","Prolific","682e0810a83a599ca26e514c3b7ed543","2","t-E_n-E","E","E","linear",18,"7",0,"Certain","Outlier(s)"
"368274239d4d8a98df790495eb70f749",1,"56-60","Female","Undergraduate Degree","Yes","Prolific","542189b4235951184f3a0e93d2041d76","1","t-E_n-E","E","E","log",20,"9",0,"Certain","Clustering"
"394f6384845216ccc75fed8ddacdb359",3,"36-40","Female","Graduate Degree","Yes","Prolific","bd5bdb06d41d12211476de91c279571d","1","t-H_n-H","H","H","log",13,"1",0,"Certain","Clustering"
"394f6384845216ccc75fed8ddacdb359",3,"36-40","Female","Graduate Degree","Yes","Prolific","2dfddc9b6373e3cebe2c5f7aa59ecb4e","2","t-M_n-M","M","M","log",16,"4",0,"Neutral","Different shape"
"394f6384845216ccc75fed8ddacdb359",3,"36-40","Female","Graduate Degree","Yes","Prolific","bd5bdb06d41d12211476de91c279571d","1","t-H_n-H","H","H","linear",13,"12",0,"Certain","Clustering"
"34780d5db6ac57ec5891f98eb30e5a4a",1,"19-25","Female","Graduate Degree","Yes","Prolific","542189b4235951184f3a0e93d2041d76","1","t-E_n-E","E","E","log",20,"9",0,"Certain","Clustering"
"ea60017f95ad124edbf3af02f2e5fda5",1,"19-25","Female","Graduate Degree","Yes","Prolific","542189b4235951184f3a0e93d2041d76","1","t-E_n-E","E","E","log",20,"20",1,"Neutral","Different shape"
"13c5754f63c2a39d037abfa95eba292d",2,"19-25","Female","Some Undergraduate Courses","No","Prolific","bd5bdb06d41d12211476de91c279571d","1","t-H_n-H","H","H","log",13,"17",0,"Neutral","Clustering"
"13c5754f63c2a39d037abfa95eba292d",2,"19-25","Female","Some Undergraduate Courses","No","Prolific","2dfddc9b6373e3cebe2c5f7aa59ecb4e","2","t-M_n-M","M","M","linear",16,"5",0,"Certain","Clustering"
"50dee673cc261e2b97bae5e20c11c79d",2,"19-25","Female","Graduate Degree","Yes","Prolific","542189b4235951184f3a0e93d2041d76","1","t-E_n-E","E","E","log",20,"9",0,"Neutral","Clustering"
"50dee673cc261e2b97bae5e20c11c79d",2,"19-25","Female","Graduate Degree","Yes","Prolific","bd5bdb06d41d12211476de91c279571d","1","t-H_n-H","H","H","log",13,"18",0,"Uncertain","Clustering"
"0c1e2aeecf1346c07426c819ad52e80a",2,"19-25","Male","Some Graduate Courses","Yes","Prolific","542189b4235951184f3a0e93d2041d76","1","t-E_n-E","E","E","log",20,"11",0,"Neutral","Outlier(s)"
"0c1e2aeecf1346c07426c819ad52e80a",2,"19-25","Male","Some Graduate Courses","Yes","Prolific","a74724d41c798fb43dd4a73336a93419","2","t-H_n-H","H","H","log",1,"17",0,"Neutral","Outlier(s)"
"b032842613b69b98a218ab933816100b",1,"26-30","Male","Undergraduate Degree","Yes","Prolific","bd5bdb06d41d12211476de91c279571d","1","t-H_n-H","H","H","linear",13,"12",0,"Neutral","Clustering, Different shape, Different slope, Outlier(s)"
"b665bcd05048e101476a631f84ea24da",2,"36-40","Male","Undergraduate Degree","Yes","Prolific","62f44019f444085dcfb169bca38bd750","1","t-M_n-M","M","M","log",13,"2",0,"Neutral","Clustering"
"b665bcd05048e101476a631f84ea24da",2,"36-40","Male","Undergraduate Degree","Yes","Prolific","bd5bdb06d41d12211476de91c279571d","1","t-H_n-H","H","H","log",13,"12",0,"Uncertain","Clustering"
"f6562d0c644d90bc1d7d8dd24730cd4d",1,"26-30","Male","High School or Less","Yes","Prolific","2dfddc9b6373e3cebe2c5f7aa59ecb4e","2","t-M_n-M","M","M","linear",16,"6",0,"Uncertain","Different range"
"9523715c0e3d0941a1e41126bc760dc4",1,"19-25","Male","Undergraduate Degree","Yes","Prolific","2dfddc9b6373e3cebe2c5f7aa59ecb4e","2","t-M_n-M","M","M","linear",16,"5",0,"Neutral","Clustering"
"41f4ee63b0a042b8a670185f84bcb30b",2,"","Female","Graduate Degree","Yes","Prolific","bd5bdb06d41d12211476de91c279571d","1","t-H_n-H","H","H","linear",13,"15",0,"Neutral","Different range"
"41f4ee63b0a042b8a670185f84bcb30b",2,"","Female","Graduate Degree","Yes","Prolific","2dfddc9b6373e3cebe2c5f7aa59ecb4e","2","t-M_n-M","M","M","linear",16,"6,4,7",0,"Uncertain","Different range, Different shape"
"e22c2ebf2d2734f9078b69c6f86b830a",2,"19-25","Female","Undergraduate Degree","Yes","Prolific","bd5bdb06d41d12211476de91c279571d","1","t-H_n-H","H","H","linear",13,"12",0,"Certain","Clustering"
"e22c2ebf2d2734f9078b69c6f86b830a",2,"19-25","Female","Undergraduate Degree","Yes","Prolific","62f44019f444085dcfb169bca38bd750","1","t-M_n-M","M","M","linear",13,"4",0,"Uncertain","Outlier(s)"
"6e12cec9bc69cf2ddbcaed28d6f38cbf",1,"19-25","Male","Undergraduate Degree","Yes","Prolific","542189b4235951184f3a0e93d2041d76","1","t-E_n-E","E","E","log",20,"2,1,3,15",0,"Certain","Clustering, Different shape"
"e5de29a8e54b8f6009618d151fd5591c",2,"46-50","Female","Graduate Degree","Yes","Prolific","a74724d41c798fb43dd4a73336a93419","2","t-H_n-H","H","H","linear",1,"9",0,"Certain","Different slope"
"e5de29a8e54b8f6009618d151fd5591c",2,"46-50","Female","Graduate Degree","Yes","Prolific","a74724d41c798fb43dd4a73336a93419","2","t-H_n-H","H","H","log",1,"15",0,"Certain","Clustering"
"68ca44e1cae1deae8d232f0e7ddc12f5",1,"26-30","Female","High School or Less","Yes","Prolific","542189b4235951184f3a0e93d2041d76","1","t-E_n-E","E","E","log",20,"3,10,11,20",1,"Certain","Clustering, Different shape, Outlier(s)"
"b2f5ec879c7f0cbed789df235b4850fa",1,"19-25","Male","High School or Less","Yes","Prolific","682e0810a83a599ca26e514c3b7ed543","2","t-E_n-E","E","E","log",18,"13",0,"Uncertain","Different shape"
"2165067493f1245f89841dbdd6e98227",1,"19-25","Female","Undergraduate Degree","Yes","Prolific","62f44019f444085dcfb169bca38bd750","1","t-M_n-M","M","M","linear",13,"4",0,"Neutral","Different shape"
"97d5ecdde9c214934742193690a255dd",1,"19-25","Female","High School or Less","No","Prolific","a74724d41c798fb43dd4a73336a93419","2","t-H_n-H","H","H","log",1,"16",0,"Uncertain","Other, lots of gaps"
"d0138436b0734a7e844382a9b73b9607",3,"19-25","Male","Graduate Degree","Yes","Prolific","542189b4235951184f3a0e93d2041d76","1","t-E_n-E","E","E","linear",20,"3,10,12,11,16",0,"Certain","Different slope"
"d0138436b0734a7e844382a9b73b9607",3,"19-25","Male","Graduate Degree","Yes","Prolific","a74724d41c798fb43dd4a73336a93419","2","t-H_n-H","H","H","linear",1,"5,6,13,12,20",0,"Certain","Different range, Different slope"
"d0138436b0734a7e844382a9b73b9607",3,"19-25","Male","Graduate Degree","Yes","Prolific","a74724d41c798fb43dd4a73336a93419","2","t-H_n-H","H","H","log",1,"2,7,13,18",0,"Neutral","Different shape, Different slope"
"0b78adf49eb3bd4f2db82cd7ea30bc2b",2,"31-35","Male","Some Graduate Courses","Yes","Prolific","2dfddc9b6373e3cebe2c5f7aa59ecb4e","2","t-M_n-M","M","M","linear",16,"7",0,"Certain","Different range, Different slope"
"0b78adf49eb3bd4f2db82cd7ea30bc2b",2,"31-35","Male","Some Graduate Courses","Yes","Prolific","a74724d41c798fb43dd4a73336a93419","2","t-H_n-H","H","H","linear",1,"19",0,"Certain","Clustering"
"cbfaf6e80447007f3ba2ab3a2ff0095e",1,"19-25","Female","High School or Less","No","Prolific","542189b4235951184f3a0e93d2041d76","1","t-E_n-E","E","E","linear",20,"20",1,"Uncertain","Different range"
"ae0fc107ee5d77e492965c9ec5916726",2,"19-25","Male","Undergraduate Degree","Yes","Prolific","2dfddc9b6373e3cebe2c5f7aa59ecb4e","2","t-M_n-M","M","M","linear",16,"9",0,"Certain","Clustering, Different range, Different slope"
"ae0fc107ee5d77e492965c9ec5916726",2,"19-25","Male","Undergraduate Degree","Yes","Prolific","a74724d41c798fb43dd4a73336a93419","2","t-H_n-H","H","H","log",1,"5,10,15,20,7,8",0,"Certain","Clustering, Different slope"
"6430c0749732809e73c1c571f939f796",1,"26-30","Male","Undergraduate Degree","Yes","Prolific","2dfddc9b6373e3cebe2c5f7aa59ecb4e","2","t-M_n-M","M","M","linear",16,"5",0,"Very Certain","Clustering"
"2a1833670afc9600f4a0e936ab7051d3",3,"19-25","Variant/Nonconforming","Some Graduate Courses","Yes","Prolific","2dfddc9b6373e3cebe2c5f7aa59ecb4e","2","t-M_n-M","M","M","linear",16,"5",0,"Certain","Clustering"
"2a1833670afc9600f4a0e936ab7051d3",3,"19-25","Variant/Nonconforming","Some Graduate Courses","Yes","Prolific","a74724d41c798fb43dd4a73336a93419","2","t-H_n-H","H","H","linear",1,"16,19",0,"Certain","Clustering"
"2a1833670afc9600f4a0e936ab7051d3",3,"19-25","Variant/Nonconforming","Some Graduate Courses","Yes","Prolific","a74724d41c798fb43dd4a73336a93419","2","t-H_n-H","H","H","log",1,"18",0,"Uncertain","Different range"
"c6f68bff8bfa8d64a597bf53786e413a",1,"19-25","Female","Some Graduate Courses","No","Prolific","2dfddc9b6373e3cebe2c5f7aa59ecb4e","2","t-M_n-M","M","M","linear",16,"18",0,"Neutral","Different slope"
"be28cde93616fe46ae21f3fe6c347580",1,"19-25","Female","High School or Less","Yes","Prolific","62f44019f444085dcfb169bca38bd750","1","t-M_n-M","M","M","linear",13,"11",0,"Neutral","Clustering"
"5ca042157e0fc527c730f113a6569ca8",1,"19-25","Male","Some Graduate Courses","Yes","Prolific","a74724d41c798fb43dd4a73336a93419","2","t-H_n-H","H","H","linear",1,"12",0,"Uncertain","Clustering"
"fc82bf9e2aca0cf9148d03b0354fc9e2",2,"26-30","Male","Graduate Degree","Yes","Prolific","2dfddc9b6373e3cebe2c5f7aa59ecb4e","2","t-M_n-M","M","M","linear",16,"7",0,"Very Certain","Clustering"
"fc82bf9e2aca0cf9148d03b0354fc9e2",2,"26-30","Male","Graduate Degree","Yes","Prolific","a74724d41c798fb43dd4a73336a93419","2","t-H_n-H","H","H","linear",1,"5",0,"Certain","Outlier(s)"
"2542e2f52375dc2613a59af370505962",1,"19-25","Female","Graduate Degree","No","Prolific","a74724d41c798fb43dd4a73336a93419","2","t-H_n-H","H","H","linear",1,"17",0,"Very Uncertain","Clustering"
"3c31458f1aeafb3549187894ebcd967a",1,"19-25","Male","Some Graduate Courses","Yes","Prolific","a74724d41c798fb43dd4a73336a93419","2","t-H_n-H","H","H","linear",1,"16",0,"Uncertain","Different shape"
"2165067493f1245f89841dbdd6e98227",1,"19-25","Female","Undergraduate Degree","Yes","Prolific","2dfddc9b6373e3cebe2c5f7aa59ecb4e","2","t-M_n-M","M","M","log",16,"20",0,"Neutral","Different shape"
"c3a3b724a5e078ba43a982818a8b9db0",2,"19-25","Female","Graduate Degree","Yes","Prolific","2dfddc9b6373e3cebe2c5f7aa59ecb4e","2","t-M_n-M","M","M","log",16,"4,5,7",0,"Neutral","Clustering"
"c3a3b724a5e078ba43a982818a8b9db0",2,"19-25","Female","Graduate Degree","Yes","Prolific","682e0810a83a599ca26e514c3b7ed543","2","t-E_n-E","E","E","linear",18,"7",0,"Neutral","Different range"
"0d8d494e5d7c46d17a2bd041948806eb",2,"26-30","Male","Undergraduate Degree","Yes","Prolific","682e0810a83a599ca26e514c3b7ed543","2","t-E_n-E","E","E","linear",18,"20",0,"Neutral","Different shape"
"0d8d494e5d7c46d17a2bd041948806eb",2,"26-30","Male","Undergraduate Degree","Yes","Prolific","682e0810a83a599ca26e514c3b7ed543","2","t-E_n-E","E","E","log",18,"18",1,"Neutral","Different shape"
"cdb5a1bb146b1dcfabc640212dcb3ad3",2,"19-25","Male","Some Graduate Courses","Yes","Prolific","682e0810a83a599ca26e514c3b7ed543","2","t-E_n-E","E","E","linear",18,"11,16",0,"Certain","Different range"
"cdb5a1bb146b1dcfabc640212dcb3ad3",2,"19-25","Male","Some Graduate Courses","Yes","Prolific","682e0810a83a599ca26e514c3b7ed543","2","t-E_n-E","E","E","log",18,"11",0,"Uncertain","Different range"
"f1091d7f85986c8b72a1540f00792618",2,"19-25","Male","Undergraduate Degree","Yes","Prolific","bd5bdb06d41d12211476de91c279571d","1","t-H_n-H","H","H","log",13,"6,11",0,"Neutral","Clustering"
"f1091d7f85986c8b72a1540f00792618",2,"19-25","Male","Undergraduate Degree","Yes","Prolific","682e0810a83a599ca26e514c3b7ed543","2","t-E_n-E","E","E","log",18,"14,19",0,"Neutral","Outlier(s)"
"af351a4cff12ef3a39d4d9b90c1b5ea8",1,"Over 60","Male","High School or Less","No","Prolific","2dfddc9b6373e3cebe2c5f7aa59ecb4e","2","t-M_n-M","M","M","linear",16,"20",0,"Neutral","Clustering, Different shape"
"5d8703904fc528cf3ca7ec3f89fa806c",2,"19-25","Female","Some Undergraduate Courses","Yes","Prolific","bd5bdb06d41d12211476de91c279571d","1","t-H_n-H","H","H","log",13,"12",0,"Neutral","Clustering, Different range"
"5d8703904fc528cf3ca7ec3f89fa806c",2,"19-25","Female","Some Undergraduate Courses","Yes","Prolific","682e0810a83a599ca26e514c3b7ed543","2","t-E_n-E","E","E","log",18,"5",0,"Neutral","Clustering, Outlier(s)"
"7f475c2ea0940f6ab372994b16b1d335",1,"36-40","Male","Prefer not to answer","Yes","Prolific","682e0810a83a599ca26e514c3b7ed543","2","t-E_n-E","E","E","log",18,"11",0,"Neutral","Clustering, Different shape, Different slope"
"e9ea9875fe4c8941bc93c81cf59979c0",1,"19-25","Female","Some Graduate Courses","Yes","Prolific","682e0810a83a599ca26e514c3b7ed543","2","t-E_n-E","E","E","log",18,"8",0,"Neutral","Outlier(s)"
"b197cd5ee399484d36023056b3e23b5d",1,"36-40","Female","Undergraduate Degree","Yes","Prolific","682e0810a83a599ca26e514c3b7ed543","2","t-E_n-E","E","E","linear",18,"11",0,"Neutral","Different shape"
"b66d28881ee9e1dc5bc743b5f5237c21",1,"36-40","Male","Graduate Degree","Yes","Prolific","542189b4235951184f3a0e93d2041d76","1","t-E_n-E","E","E","log",20,"9",0,"Very Uncertain","Clustering"
"f7a489bae837387534a97d867fd310b9",2,"26-30","Male","Graduate Degree","Yes","Prolific","a74724d41c798fb43dd4a73336a93419","2","t-H_n-H","H","H","log",1,"18",0,"Uncertain","Clustering"
"f7a489bae837387534a97d867fd310b9",2,"26-30","Male","Graduate Degree","Yes","Prolific","2dfddc9b6373e3cebe2c5f7aa59ecb4e","2","t-M_n-M","M","M","log",16,"7",0,"Neutral","Clustering, Outlier(s)"
"1ccc6fd00f3e82797a1fa9871c057fd3",2,"19-25","Male","Graduate Degree","Yes","Prolific","682e0810a83a599ca26e514c3b7ed543","2","t-E_n-E","E","E","linear",18,"14",0,"Neutral","Clustering"
"1ccc6fd00f3e82797a1fa9871c057fd3",2,"19-25","Male","Graduate Degree","Yes","Prolific","2dfddc9b6373e3cebe2c5f7aa59ecb4e","2","t-M_n-M","M","M","log",16,"7",0,"Uncertain","Outlier(s)"
"8cdebd08938729bc254851e7eff23294",2,"36-40","Male","Graduate Degree","Yes","Prolific","a74724d41c798fb43dd4a73336a93419","2","t-H_n-H","H","H","log",1,"18",0,"Certain","Different shape"
"8cdebd08938729bc254851e7eff23294",2,"36-40","Male","Graduate Degree","Yes","Prolific","2dfddc9b6373e3cebe2c5f7aa59ecb4e","2","t-M_n-M","M","M","log",16,"2",0,"Neutral","Different range"
"8f8316acd725cd828958c9520b0497bd",1,"26-30","Male","Graduate Degree","Yes","Prolific","a74724d41c798fb43dd4a73336a93419","2","t-H_n-H","H","H","log",1,"19",0,"Neutral","Different shape, Different slope"
"5a0631344d29a898744786ec47354614",2,"19-25","Female","Undergraduate Degree","Yes","Prolific","62f44019f444085dcfb169bca38bd750","1","t-M_n-M","M","M","log",13,"11",0,"Uncertain","Different shape"
"5a0631344d29a898744786ec47354614",2,"19-25","Female","Undergraduate Degree","Yes","Prolific","a74724d41c798fb43dd4a73336a93419","2","t-H_n-H","H","H","log",1,"19",0,"Very Certain","Different slope"
"b5e4e099b1b8428e241f5142b6c7db5b",1,"26-30","Male","Some Undergraduate Courses","Yes","Prolific","a74724d41c798fb43dd4a73336a93419","2","t-H_n-H","H","H","linear",1,"5,20",0,"Neutral","Clustering, Different range"
"7e253ee2e500eb504dd9dc29e91018f0",1,"41-45","Male","High School or Less","Yes","Prolific","bd5bdb06d41d12211476de91c279571d","1","t-H_n-H","H","H","log",13,"15",0,"Neutral","Clustering"
"7193582ca5140512ab7876cac8b52d1e",1,"26-30","Male","Graduate Degree","Yes","Prolific","bd5bdb06d41d12211476de91c279571d","1","t-H_n-H","H","H","log",13,"2",0,"Neutral","Clustering"
"b66d28881ee9e1dc5bc743b5f5237c21",1,"36-40","Male","Graduate Degree","Yes","Prolific","2dfddc9b6373e3cebe2c5f7aa59ecb4e","2","t-M_n-M","M","M","log",16,"18",0,"Neutral","Clustering, Different shape"
"b2130de6830595e135d99843c9313ba2",1,"19-25","Male","Graduate Degree","Yes","Prolific","a74724d41c798fb43dd4a73336a93419","2","t-H_n-H","H","H","linear",1,"6",0,"Uncertain","Clustering"
"938f00755e35ac068da96a12901a246b",1,"19-25","Male","High School or Less","Yes","Prolific","bd5bdb06d41d12211476de91c279571d","1","t-H_n-H","H","H","log",13,"12",0,"Uncertain","Different range"
"721a945b4cf82d3fb260f5b999f2b283",2,"26-30","Female","Undergraduate Degree","No","Prolific","bd5bdb06d41d12211476de91c279571d","1","t-H_n-H","H","H","log",13,"12",0,"Neutral","Clustering, Different shape, Different slope"
"721a945b4cf82d3fb260f5b999f2b283",2,"26-30","Female","Undergraduate Degree","No","Prolific","a74724d41c798fb43dd4a73336a93419","2","t-H_n-H","H","H","linear",1,"5",0,"Uncertain","Clustering, Different slope"
"7d72eb8f96c29d7f03987e0b951c5177",1,"19-25","Male","Some Graduate Courses","Yes","Prolific","bd5bdb06d41d12211476de91c279571d","1","t-H_n-H","H","H","log",13,"2",0,"Certain","Different shape"
"cb52d3b330a7d4929d3d8f1556d655d0",1,"26-30","Male","Some Undergraduate Courses","No","Prolific","bd5bdb06d41d12211476de91c279571d","1","t-H_n-H","H","H","linear",13,"2",0,"Certain","Different range"
"72b14ae66abc33f9c68b73c12b77a155",1,"26-30","Female","Some Undergraduate Courses","Yes","Prolific","bd5bdb06d41d12211476de91c279571d","1","t-H_n-H","H","H","linear",13,"12",0,"Neutral","Clustering, Different range"
"457896bd8a82cb0d08895e1a8b76294c",1,"31-35","Female","Graduate Degree","Yes","Prolific","bd5bdb06d41d12211476de91c279571d","1","t-H_n-H","H","H","linear",13,"7",0,"Neutral","Outlier(s)"
"57fb162526a84c2b1977b915c54044aa",2,"31-35","Male","Graduate Degree","Yes","Prolific","bd5bdb06d41d12211476de91c279571d","1","t-H_n-H","H","H","log",13,"17",0,"Certain","Clustering"
"57fb162526a84c2b1977b915c54044aa",2,"31-35","Male","Graduate Degree","Yes","Prolific","542189b4235951184f3a0e93d2041d76","1","t-E_n-E","E","E","linear",20,"3",0,"Uncertain","Clustering"
"990b754acff09dba2fd3909861323a30",1,"26-30","Male","Graduate Degree","Yes","Prolific","bd5bdb06d41d12211476de91c279571d","1","t-H_n-H","H","H","linear",13,"19",0,"Certain","Different shape"
"220b50149195225323fcd39e10cd5179",1,"19-25","Male","Undergraduate Degree","Yes","Prolific","2dfddc9b6373e3cebe2c5f7aa59ecb4e","2","t-M_n-M","M","M","linear",16,"7",0,"Uncertain","Clustering, Different range"
"71773a5357b8c5b1fde1464682849b2c",1,"31-35","Female","Graduate Degree","Yes","Prolific","2dfddc9b6373e3cebe2c5f7aa59ecb4e","2","t-M_n-M","M","M","linear",16,"9",0,"Neutral","Different range"
"a2a8b8498b401bfeee0fb58a7b88d807",1,"19-25","Female","Undergraduate Degree","Yes","Prolific","a74724d41c798fb43dd4a73336a93419","2","t-H_n-H","H","H","linear",1,"16",0,"Certain","Outlier(s)"
"521d5dac8dbf7101d3a9a679f581bb97",1,"19-25","Female","Some Graduate Courses","Yes","Prolific","a74724d41c798fb43dd4a73336a93419","2","t-H_n-H","H","H","linear",1,"6",0,"Certain","Clustering"
"80a682ceac993d3804cc9c71ea3fff32",2,"41-45","Male","Undergraduate Degree","Yes","Prolific","682e0810a83a599ca26e514c3b7ed543","2","t-E_n-E","E","E","log",18,"14",0,"Neutral","Outlier(s)"
"80a682ceac993d3804cc9c71ea3fff32",2,"41-45","Male","Undergraduate Degree","Yes","Prolific","a74724d41c798fb43dd4a73336a93419","2","t-H_n-H","H","H","linear",1,"3",0,"Uncertain","Clustering"
"96002fca5fdb4a7841976d8e17659362",2,"31-35","Male","Some Undergraduate Courses","Yes","Prolific","682e0810a83a599ca26e514c3b7ed543","2","t-E_n-E","E","E","log",18,"20",0,"Uncertain","Clustering"
"96002fca5fdb4a7841976d8e17659362",2,"31-35","Male","Some Undergraduate Courses","Yes","Prolific","a74724d41c798fb43dd4a73336a93419","2","t-H_n-H","H","H","linear",1,"16",0,"Neutral","Clustering"
"8a4f57fff953729354e95bbda3a11d89",3,"26-30","Male","Undergraduate Degree","Yes","Prolific","682e0810a83a599ca26e514c3b7ed543","2","t-E_n-E","E","E","log",18,"14",0,"Uncertain","Clustering"
"8a4f57fff953729354e95bbda3a11d89",3,"26-30","Male","Undergraduate Degree","Yes","Prolific","a74724d41c798fb43dd4a73336a93419","2","t-H_n-H","H","H","linear",1,"9",0,"Very Uncertain","Outlier(s)"
"8a4f57fff953729354e95bbda3a11d89",3,"26-30","Male","Undergraduate Degree","Yes","Prolific","bd5bdb06d41d12211476de91c279571d","1","t-H_n-H","H","H","log",13,"15",0,"Uncertain","Outlier(s)"
"ba75aaed2ff128d2772a255d01e28a22",1,"19-25","Male","High School or Less","Yes","Prolific","bd5bdb06d41d12211476de91c279571d","1","t-H_n-H","H","H","linear",13,"2,15",0,"Uncertain","Different range"
"b9e7c4eb8a73ffaaca95bfe85ea8977b",1,"36-40","Male","Undergraduate Degree","Yes","Prolific","bd5bdb06d41d12211476de91c279571d","1","t-H_n-H","H","H","log",13,"15",0,"Neutral","Clustering"
"80d74726f39bdb4c0b34de465629f6cd",3,"56-60","Female","Undergraduate Degree","Yes","Prolific","682e0810a83a599ca26e514c3b7ed543","2","t-E_n-E","E","E","log",18,"11",0,"Uncertain","Different range"
"80d74726f39bdb4c0b34de465629f6cd",3,"56-60","Female","Undergraduate Degree","Yes","Prolific","a74724d41c798fb43dd4a73336a93419","2","t-H_n-H","H","H","linear",1,"16",0,"Uncertain","Clustering"
"80d74726f39bdb4c0b34de465629f6cd",3,"56-60","Female","Undergraduate Degree","Yes","Prolific","2dfddc9b6373e3cebe2c5f7aa59ecb4e","2","t-M_n-M","M","M","log",16,"5",0,"Neutral","Clustering"
"aee264dfdf188c208d86b0473685049e",2,"19-25","Female","Undergraduate Degree","Yes","Prolific","bd5bdb06d41d12211476de91c279571d","1","t-H_n-H","H","H","log",13,"17",0,"Certain","Clustering"
"aee264dfdf188c208d86b0473685049e",2,"19-25","Female","Undergraduate Degree","Yes","Prolific","62f44019f444085dcfb169bca38bd750","1","t-M_n-M","M","M","linear",13,"4",0,"Certain","Clustering"
"525c3e1e9ee39eb60222756f7f535b53",1,"19-25","Variant/Nonconforming","Graduate Degree","Yes","Prolific","2dfddc9b6373e3cebe2c5f7aa59ecb4e","2","t-M_n-M","M","M","linear",16,"20",0,"Uncertain","Different shape, Different slope"
"100777b044e21d9f67003a5accf4de1b",3,"51-55","Female","High School or Less","Yes","Prolific","62f44019f444085dcfb169bca38bd750","1","t-M_n-M","M","M","linear",13,"12",0,"Neutral","Different range"
"100777b044e21d9f67003a5accf4de1b",3,"51-55","Female","High School or Less","Yes","Prolific","2dfddc9b6373e3cebe2c5f7aa59ecb4e","2","t-M_n-M","M","M","log",16,"7",0,"Neutral","Clustering"
"100777b044e21d9f67003a5accf4de1b",3,"51-55","Female","High School or Less","Yes","Prolific","542189b4235951184f3a0e93d2041d76","1","t-E_n-E","E","E","log",20,"20",1,"Uncertain","Clustering"
"aaec03842a8e023a6039d653eab4c788",1,"26-30","Male","Graduate Degree","Yes","Prolific","a74724d41c798fb43dd4a73336a93419","2","t-H_n-H","H","H","linear",1,"20",0,"Very Uncertain","Clustering"
"4b79700054b1d091c9a55fb3718a61b7",3,"26-30","Female","Graduate Degree","Yes","Prolific","542189b4235951184f3a0e93d2041d76","1","t-E_n-E","E","E","linear",20,"16",0,"Uncertain","Clustering"
"4b79700054b1d091c9a55fb3718a61b7",3,"26-30","Female","Graduate Degree","Yes","Prolific","bd5bdb06d41d12211476de91c279571d","1","t-H_n-H","H","H","log",13,"12",0,"Very Uncertain","Clustering"
"4b79700054b1d091c9a55fb3718a61b7",3,"26-30","Female","Graduate Degree","Yes","Prolific","62f44019f444085dcfb169bca38bd750","1","t-M_n-M","M","M","linear",13,"2",0,"Very Uncertain","Clustering"
"3c66c0218a1b95756b9df2ba1f2c84b9",1,"31-35","Female","Graduate Degree","Yes","Prolific","bd5bdb06d41d12211476de91c279571d","1","t-H_n-H","H","H","linear",13,"12",0,"Certain","Different range"
"d624a653083064bcc55b3d20f8b74f25",2,"31-35","Female","Some Undergraduate Courses","Yes","Prolific","62f44019f444085dcfb169bca38bd750","1","t-M_n-M","M","M","linear",13,"12",0,"Uncertain","Different slope"
"d624a653083064bcc55b3d20f8b74f25",2,"31-35","Female","Some Undergraduate Courses","Yes","Prolific","2dfddc9b6373e3cebe2c5f7aa59ecb4e","2","t-M_n-M","M","M","linear",16,"7",0,"Uncertain","Clustering"
"78095c79488a882e34fbb31aba424545",1,"26-30","Male","Graduate Degree","Yes","Prolific","542189b4235951184f3a0e93d2041d76","1","t-E_n-E","E","E","linear",20,"7",0,"Certain","Different slope"
"0260b1bbcc46d039108d7a7a120bfd93",2,"26-30","Female","Graduate Degree","Yes","Prolific","542189b4235951184f3a0e93d2041d76","1","t-E_n-E","E","E","linear",20,"17",0,"Certain","Outlier(s)"
"0260b1bbcc46d039108d7a7a120bfd93",2,"26-30","Female","Graduate Degree","Yes","Prolific","bd5bdb06d41d12211476de91c279571d","1","t-H_n-H","H","H","log",13,"12",0,"Neutral","Clustering"
"78bd94e73984a517eadd539abea8865b",3,"19-25","Male","Undergraduate Degree","Yes","Prolific","62f44019f444085dcfb169bca38bd750","1","t-M_n-M","M","M","linear",13,"12",0,"Very Certain","Different range"
"78bd94e73984a517eadd539abea8865b",3,"19-25","Male","Undergraduate Degree","Yes","Prolific","62f44019f444085dcfb169bca38bd750","1","t-M_n-M","M","M","linear",13,"12",0,"Uncertain","Different range"
"78bd94e73984a517eadd539abea8865b",3,"19-25","Male","Undergraduate Degree","Yes","Prolific","2dfddc9b6373e3cebe2c5f7aa59ecb4e","2","t-M_n-M","M","M","linear",16,"10",0,"Uncertain","Clustering"
"0882c5a53ea4c278ff08aa5448e539e8",3,"31-35","Female","Graduate Degree","Yes","Prolific","62f44019f444085dcfb169bca38bd750","1","t-M_n-M","M","M","linear",13,"12",0,"Certain","Different range"
"0882c5a53ea4c278ff08aa5448e539e8",3,"31-35","Female","Graduate Degree","Yes","Prolific","62f44019f444085dcfb169bca38bd750","1","t-M_n-M","M","M","linear",13,"20",0,"Neutral","Outlier(s)"
"0882c5a53ea4c278ff08aa5448e539e8",3,"31-35","Female","Graduate Degree","Yes","Prolific","2dfddc9b6373e3cebe2c5f7aa59ecb4e","2","t-M_n-M","M","M","linear",16,"6",0,"Neutral","Clustering"
"a591e5209a2afe3c325b97c89cbbd723",1,"36-40","Female","Undergraduate Degree","Yes","Prolific","682e0810a83a599ca26e514c3b7ed543","2","t-E_n-E","E","E","linear",18,"2",0,"Uncertain","Clustering"
"1b1bc71eeb0097d0bb0bd407af878bab",1,"19-25","Female","Undergraduate Degree","Yes","Prolific","682e0810a83a599ca26e514c3b7ed543","2","t-E_n-E","E","E","linear",18,"2",0,"Neutral","Different shape"
"2b3eccd5e24d392d3613fdd7f4793fb4",1,"31-35","Male","Graduate Degree","Yes","Prolific","682e0810a83a599ca26e514c3b7ed543","2","t-E_n-E","E","E","linear",18,"14",0,"Certain","Different shape, Outlier(s)"
"908ac2e239979151eb1e54eac1b54d10",1,"36-40","Male","Graduate Degree","Yes","Prolific","682e0810a83a599ca26e514c3b7ed543","2","t-E_n-E","E","E","linear",18,"7",0,"Very Uncertain","Clustering"
"d9e98b327b4e59cd58a1b48103418654",1,"19-25","Female","Graduate Degree","Yes","Prolific","682e0810a83a599ca26e514c3b7ed543","2","t-E_n-E","E","E","linear",18,"19",0,"Uncertain","Different range"
"b76d8b50e7ef5217e7370eb527e8ffbb",1,"Over 60","Female","Some Graduate Courses","Yes","Prolific","682e0810a83a599ca26e514c3b7ed543","2","t-E_n-E","E","E","linear",18,"4",0,"Certain","Different slope"
"57fb162526a84c2b1977b915c54044aa",1,"31-35","Male","Graduate Degree","Yes","Prolific","62f44019f444085dcfb169bca38bd750","1","t-M_n-M","M","M","linear",13,"3,20,8,11",0,"Certain","Clustering, Different slope"
"c5144873c849a55723ff087881dc129f",1,"19-25","Male","High School or Less","Yes","Prolific","542189b4235951184f3a0e93d2041d76","1","t-E_n-E","E","E","linear",20,"1",0,"Neutral","Different range, Outlier(s)"
"65316424bafcdab6ae724e333e9d8184",1,"19-25","Female","Graduate Degree","Yes","Prolific","682e0810a83a599ca26e514c3b7ed543","2","t-E_n-E","E","E","linear",18,"5",0,"Certain","Different slope"
"a3939863fb345d19dfea0cef3f2cb4a5",1,"19-25","Female","Graduate Degree","No","Prolific","682e0810a83a599ca26e514c3b7ed543","2","t-E_n-E","E","E","linear",18,"11",0,"Certain","Different shape"
"2b887d698ec63b1e871512c51e0c269e",1,"19-25","Female","High School or Less","Yes","Prolific","682e0810a83a599ca26e514c3b7ed543","2","t-E_n-E","E","E","linear",18,"11",0,"Neutral","Clustering, Different range"
"865551c6f37ba49f04ad447c947003b0",1,"26-30","Female","Some Undergraduate Courses","Yes","Prolific","682e0810a83a599ca26e514c3b7ed543","2","t-E_n-E","E","E","log",18,"19",0,"Very Uncertain","Different shape"
"e398d09fda62c8d02ceaa112e1b92b76",1,"19-25","Female","Some Undergraduate Courses","No","Prolific","682e0810a83a599ca26e514c3b7ed543","2","t-E_n-E","E","E","linear",18,"19",0,"Neutral","Different slope"
"90626395c8c678ae200349a055d8b5cb",1,"26-30","Female","Undergraduate Degree","Yes","Prolific","542189b4235951184f3a0e93d2041d76","1","t-E_n-E","E","E","log",20,"20",1,"Neutral","Different range"
"efea89833e95137111a07f2262c4b223",1,"19-25","Female","Graduate Degree","No","Prolific","682e0810a83a599ca26e514c3b7ed543","2","t-E_n-E","E","E","linear",18,"20",0,"Very Uncertain","Outlier(s)"
"ce0c315f8753672915721dd18c397795",1,"31-35","Female","Graduate Degree","Yes","Prolific","2dfddc9b6373e3cebe2c5f7aa59ecb4e","2","t-M_n-M","M","M","linear",16,"5",0,"Certain","Different slope"
"79050a1e37f7b0e9ed1f69da523b1950",1,"19-25","Female","Graduate Degree","Yes","Prolific","682e0810a83a599ca26e514c3b7ed543","2","t-E_n-E","E","E","linear",18,"7",0,"Certain","Different slope"
"db4e9c850a8ab72800ff9f9ccffb50d5",2,"26-30","Male","Graduate Degree","Yes","Prolific","2dfddc9b6373e3cebe2c5f7aa59ecb4e","2","t-M_n-M","M","M","log",16,"7",0,"Certain","Clustering"
"db4e9c850a8ab72800ff9f9ccffb50d5",2,"26-30","Male","Graduate Degree","Yes","Prolific","682e0810a83a599ca26e514c3b7ed543","2","t-E_n-E","E","E","log",18,"18",1,"Uncertain","Clustering"
"0772bb5fa01b06062a427a9317c5017f",1,"26-30","Male","Undergraduate Degree","Yes","Prolific","682e0810a83a599ca26e514c3b7ed543","2","t-E_n-E","E","E","linear",18,"19",0,"Certain","Different range"
"1a0df80fbea89a0c08d93e3b44cf6762",1,"31-35","Female","Graduate Degree","Yes","Prolific","bd5bdb06d41d12211476de91c279571d","1","t-H_n-H","H","H","log",13,"1",0,"Very Uncertain","Clustering"
"1a0df80fbea89a0c08d93e3b44cf6762",1,"31-35","Female","Graduate Degree","Yes","Prolific","542189b4235951184f3a0e93d2041d76","1","t-E_n-E","E","E","linear",20,"1",0,"Very Uncertain","Clustering"
"1a0df80fbea89a0c08d93e3b44cf6762",1,"31-35","Female","Graduate Degree","Yes","Prolific","2dfddc9b6373e3cebe2c5f7aa59ecb4e","2","t-M_n-M","M","M","log",16,"1",0,"Very Uncertain","Clustering"
"1a0df80fbea89a0c08d93e3b44cf6762",1,"26-30","Female","Graduate Degree","Yes","Prolific","bd5bdb06d41d12211476de91c279571d","1","t-H_n-H","H","H","log",13,"1",0,"Very Uncertain","Clustering"
"c9f9823c41cb5f2cb138c19814fde6ef",1,"19-25","Female","Graduate Degree","Yes","Prolific","62f44019f444085dcfb169bca38bd750","1","t-M_n-M","M","M","linear",13,"12",0,"Neutral","Different slope"
"1a0df80fbea89a0c08d93e3b44cf6762",1,"31-35","Female","Graduate Degree","Yes","Prolific","682e0810a83a599ca26e514c3b7ed543","2","t-E_n-E","E","E","log",18,"1",0,"Very Uncertain","Clustering"
"b0b75c20fd142db4932bc10e876b7c6d",1,"19-25","Female","Some Undergraduate Courses","Yes","Prolific","62f44019f444085dcfb169bca38bd750","1","t-M_n-M","M","M","linear",13,"4",0,"Certain","Clustering, Outlier(s)"
"508ad111abbdda5d29eee9143f7e974d",1,"26-30","Male","Undergraduate Degree","Yes","Other","62f44019f444085dcfb169bca38bd750","1","t-M_n-M","M","M","log",13,"3",0,"Uncertain","Clustering"
"e248b140452e9c726334a43d3677c6ee",1,"19-25","Male","Undergraduate Degree","Yes","Prolific","542189b4235951184f3a0e93d2041d76","1","t-E_n-E","E","E","log",20,"9",0,"Neutral","Clustering"
"8e35a22fd611281c4699af31e58eca07",1,"46-50","Male","Some Undergraduate Courses","Yes","Other","682e0810a83a599ca26e514c3b7ed543","2","t-E_n-E","E","E","linear",18,"10",0,"Neutral","Outlier(s)"
"235009eac0d445e939c3a9adede9ed01",1,"31-35","Male","Undergraduate Degree","No","Other","62f44019f444085dcfb169bca38bd750","1","t-M_n-M","M","M","log",13,"15",0,"Neutral","Clustering"
"39e72c8b314f87011b0c59c9a5855214",1,"26-30","Female","Undergraduate Degree","No","Other","62f44019f444085dcfb169bca38bd750","1","t-M_n-M","M","M","linear",13,"2,4",0,"Very Uncertain","Clustering, Outlier(s)"
"f45f70f4f2c3b82e6372151d9f8d9aae",1,"19-25","Male","Some Undergraduate Courses","No","Other","2dfddc9b6373e3cebe2c5f7aa59ecb4e","2","t-M_n-M","M","M","log",16,"7",0,"Certain","Clustering"
"5b58e040ee35f3bcc6023fb7836c842e",1,"26-30","Female","Graduate Degree","Yes","Direct Email","a74724d41c798fb43dd4a73336a93419","2","t-H_n-H","H","H","linear",1,"5",0,"Neutral","Clustering, Different range, Outlier(s)"
"2bec0503fe0bf3726c757471ca398ec5",1,"Over 60","Female","Graduate Degree","No","Direct Email","a74724d41c798fb43dd4a73336a93419","2","t-H_n-H","H","H","linear",1,"16",0,"Neutral","Clustering"
"e1d99c41bc8a31e98f3864774c38ac15",1,"26-30","Female","Undergraduate Degree","No","Direct Email","62f44019f444085dcfb169bca38bd750","1","t-M_n-M","M","M","log",13,"12",0,"Uncertain","Clustering"
"05cd76dc4cfc94c661576413527545e9",1,"41-45","Female","Some Graduate Courses","Yes","Other","542189b4235951184f3a0e93d2041d76","1","t-E_n-E","E","E","log",20,"17",0,"Uncertain","Clustering"
